16,James,Mart,11/23/2019,11/23/2020,0
17,Tyler,Mandery,11/23/2019,11/23/2020,0
18,Luke,Johns,11/23/2019,11/23/2020,0
19,Connor,Karren,11/23/2019,11/23/2020,0
20,Kiran,Ramesh,11/23/2019,11/23/2020,0
21,aayush,srivastava,04/13/2020,04/13/2021,0
22,shi,lakha,04/15/2020,04/15/2021,0
23,Joshua,James,04/16/2020,04/16/2021,5
24,AAron,King,04/16/2020,04/16/2021,5
25,Alexander,Dep,04/16/2020,04/16/2021,5
26,Chris,Higgins,04/16/2020,04/16/2021,5
27,Jay,Hill,04/16/2020,04/16/2021,5
28,Ry,Jane,04/16/2020,04/16/2021,5
29,John,Smith,04/16/2020,04/16/2021,5
30,Logan,Christin,04/16/2020,04/16/2021,5
31,Eli,Chan,04/16/2020,04/16/2021,5
32,Jonh,Florance,04/16/2020,04/16/2021,5
33,Sami,Methew,04/16/2020,04/16/2021,5
22,Adam,Sandler,04/16/2020,04/16/2021,5
24,Student,lastStudent,04/16/2020,04/16/2021,5
24,newStud,newLast,04/16/2020,04/16/2021,5
25,deadCheck,deadLast,04/16/2020,04/16/2021,5
26,Test,testL,04/16/2020,04/16/2021,5
27,TestOne,TestLast,04/16/2020,04/16/2021,5
40,Will,Jesus,11/23/2019,11/23/2020,0
